{
  "timestamp": "2025-12-04T19:26:02.195205",
  "model": "Baseline (LLM+RAG+Popularity)",
  "k_values": [
    1,
    3,
    5,
    10
  ],
  "metrics": {
    "HIT@1": 0.07446808510638298,
    "MRR@1": 0.07446808510638298,
    "NDCG@1": 0.07446808510638298,
    "Recall@1": 0.03173758865248227,
    "HIT@3": 0.11702127659574468,
    "MRR@3": 0.0921985815602837,
    "NDCG@3": 0.07089146527111811,
    "Recall@3": 0.06879432624113475,
    "HIT@5": 0.1595744680851064,
    "MRR@5": 0.1023049645390071,
    "NDCG@5": 0.07482136295178837,
    "Recall@5": 0.08652482269503546,
    "HIT@10": 0.24468085106382978,
    "MRR@10": 0.11331053698074973,
    "NDCG@10": 0.09691295482586747,
    "Recall@10": 0.14450354609929078
  },
  "metadata": {
    "split": "test",
    "recommender_type": "popularity",
    "description": "Baseline LLM+RAG with popularity-based recommendations"
  }
}