{
  "timestamp": "2025-12-05T00:56:08.833272",
  "model": "Transformer+LLM+RAG",
  "k_values": [
    1,
    3,
    5,
    10
  ],
  "metrics": {
    "HIT@1": 0.07446808510638298,
    "MRR@1": 0.07446808510638298,
    "NDCG@1": 0.07446808510638298,
    "Recall@1": 0.03173758865248227,
    "HIT@3": 0.11702127659574468,
    "MRR@3": 0.0921985815602837,
    "NDCG@3": 0.07089146527111811,
    "Recall@3": 0.06879432624113475,
    "HIT@5": 0.1595744680851064,
    "MRR@5": 0.10124113475177304,
    "NDCG@5": 0.07372464078159227,
    "Recall@5": 0.08475177304964539,
    "HIT@10": 0.2553191489361702,
    "MRR@10": 0.11331053698074973,
    "NDCG@10": 0.09940156225033933,
    "Recall@10": 0.1551418439716312
  },
  "metadata": {
    "split": "test",
    "model_checkpoint": "models/transformer_checkpoints/best_model.pt",
    "model_type": "BERT-based Transformer with recommender head"
  }
}