{
  "train_loss": [
    0.5495091636975606,
    0.3657711949882083,
    0.23503293995528332,
    0.17724812275386956,
    0.16009951124015526,
    0.21914466139615366,
    0.14016686741219245,
    0.1288082332776344,
    0.12722302211245443,
    0.17235758582132538
  ],
  "epoch": [
    1,
    2,
    3,
    4,
    5,
    6,
    7,
    8,
    9,
    10
  ]
}